,eval_loss,precision,recall,f1_score,transformer_model
0,0.24955419702261375,0.2727272727272727,0.05131128848346636,0.08637236084452976,bert-base-multilingual-cased
1,0.25283667899202555,0.17412935323383086,0.039908779931584946,0.06493506493506493,NbAiLab/nb-bert-base
2,0.3231751738348976,0.0,0.0,0.0,ltgoslo/norbert
