,eval_loss,precision,recall,f1_score,transformer_model
0,0.2119008700331809,0.37882096069869,0.3956670467502851,0.38706079196876747,bert-base-multilingual-cased
1,0.1838499246837273,0.5256869772998806,0.5017103762827823,0.5134189031505252,NbAiLab/nb-bert-base
2,,0.0,0.0,0.0,ltgoslo/norbert
